image_filename,label
agri_0_1009.jpeg,1
agri_0_1017.jpeg,1
agri_0_1018.jpeg,1
agri_0_1020.jpeg,1
agri_0_1024.jpeg,1
agri_0_1026.jpeg,0
agri_0_1028.jpeg,1
agri_0_1041.jpeg,0
agri_0_1068.jpeg,1
agri_0_1079.jpeg,0
agri_0_1082.jpeg,0
agri_0_1083.jpeg,0
agri_0_1094.jpeg,0
agri_0_1095.jpeg,1
agri_0_110.jpeg,0
agri_0_1114.jpeg,1
agri_0_1119.jpeg,0
agri_0_1123.jpeg,0
agri_0_1129.jpeg,0
agri_0_113.jpeg,1
agri_0_1146.jpeg,1
agri_0_1166.jpeg,1
agri_0_1168.jpeg,1
agri_0_1171.jpeg,0
agri_0_1174.jpeg,0
agri_0_1177.jpeg,0
agri_0_1192.jpeg,1
agri_0_1193.jpeg,1
agri_0_1198.jpeg,0
agri_0_1210.jpeg,1
agri_0_1211.jpeg,0
agri_0_1214.jpeg,0
agri_0_1215.jpeg,1
agri_0_122.jpeg,1
agri_0_1221.jpeg,0
agri_0_1258.jpeg,1
agri_0_126.jpeg,1
agri_0_1260.jpeg,0
agri_0_129.jpeg,0
agri_0_131.jpeg,0
agri_0_1314.jpeg,0
agri_0_1317.jpeg,0
agri_0_1320.jpeg,1
agri_0_1332.jpeg,0
agri_0_1334.jpeg,1
agri_0_1342.jpeg,0
agri_0_1350.jpeg,0
agri_0_1351.jpeg,0
agri_0_136.jpeg,0
agri_0_1361.jpeg,0
agri_0_1385.jpeg,1
agri_0_1393.jpeg,0
agri_0_1395.jpeg,0
agri_0_14.jpeg,1
agri_0_1463.jpeg,0
agri_0_1477.jpeg,0
agri_0_1494.jpeg,0
agri_0_1499.jpeg,1
agri_0_1508.jpeg,1
agri_0_1509.jpeg,1
agri_0_1515.jpeg,0
agri_0_1518.jpeg,1
agri_0_1530.jpeg,0
agri_0_1543.jpeg,0
agri_0_156.jpeg,1
agri_0_1564.jpeg,0
agri_0_1610.jpeg,1
agri_0_1612.jpeg,1
agri_0_1619.jpeg,1
agri_0_1627.jpeg,1
agri_0_1630.jpeg,0
agri_0_164.jpeg,0
agri_0_1642.jpeg,1
agri_0_1677.jpeg,1
agri_0_1692.jpeg,1
agri_0_1693.jpeg,0
agri_0_1707.jpeg,1
agri_0_172.jpeg,1
agri_0_1722.jpeg,0
agri_0_1729.jpeg,1
agri_0_1731.jpeg,1
agri_0_177.jpeg,0
agri_0_1771.jpeg,0
agri_0_1793.jpeg,0
agri_0_1810.jpeg,0
agri_0_1814.jpeg,0
agri_0_1830.jpeg,0
agri_0_1835.jpeg,1
agri_0_1841.jpeg,1
agri_0_1849.jpeg,1
agri_0_1851.jpeg,1
agri_0_1852.jpeg,1
agri_0_1858.jpeg,1
agri_0_1859.jpeg,0
agri_0_1868.jpeg,1
agri_0_1873.jpeg,0
agri_0_1878.jpeg,0
agri_0_1882.jpeg,1
agri_0_1885.jpeg,1
agri_0_1908.jpeg,1
agri_0_1926.jpeg,0
agri_0_1928.jpeg,0
agri_0_1929.jpeg,0
agri_0_1932.jpeg,0
agri_0_1945.jpeg,0
agri_0_1955.jpeg,0
agri_0_1959.jpeg,0
agri_0_1960.jpeg,0
agri_0_1961.jpeg,1
agri_0_1966.jpeg,1
agri_0_1985.jpeg,1
agri_0_1988.jpeg,1
agri_0_1990.jpeg,0
agri_0_1992.jpeg,1
agri_0_1993.jpeg,1
agri_0_2001.jpeg,1
agri_0_2040.jpeg,1
agri_0_2077.jpeg,0
agri_0_2082.jpeg,1
agri_0_2088.jpeg,0
agri_0_2095.jpeg,0
agri_0_2136.jpeg,1
agri_0_2144.jpeg,0
agri_0_2158.jpeg,1
agri_0_2159.jpeg,1
agri_0_2180.jpeg,0
agri_0_2204.jpeg,1
agri_0_221.jpeg,0
agri_0_2221.jpeg,0
agri_0_223.jpeg,1
agri_0_224.jpeg,0
agri_0_2256.jpeg,0
agri_0_2263.jpeg,0
agri_0_2271.jpeg,0
agri_0_2278.jpeg,0
agri_0_2320.jpeg,1
agri_0_2323.jpeg,0
agri_0_2326.jpeg,1
agri_0_2330.jpeg,0
agri_0_2345.jpeg,0
agri_0_2363.jpeg,0
agri_0_237.jpeg,0
agri_0_2370.jpeg,1
agri_0_2385.jpeg,1
agri_0_2390.jpeg,0
agri_0_2407.jpeg,0
agri_0_2441.jpeg,0
agri_0_2450.jpeg,1
agri_0_2465.jpeg,1
agri_0_2469.jpeg,1
agri_0_2471.jpeg,0
agri_0_248.jpeg,1
agri_0_2484.jpeg,1
agri_0_249.jpeg,1
agri_0_2495.jpeg,1
agri_0_2498.jpeg,1
agri_0_2513.jpeg,1
agri_0_2522.jpeg,1
agri_0_2525.jpeg,0
agri_0_2530.jpeg,1
agri_0_2547.jpeg,1
agri_0_2550.jpeg,0
agri_0_2551.jpeg,0
agri_0_2567.jpeg,0
agri_0_2582.jpeg,0
agri_0_2595.jpeg,1
agri_0_2604.jpeg,1
agri_0_2606.jpeg,1
agri_0_2633.jpeg,1
agri_0_2639.jpeg,0
agri_0_2644.jpeg,0
agri_0_2649.jpeg,0
agri_0_2653.jpeg,1
agri_0_2654.jpeg,0
agri_0_2670.jpeg,1
agri_0_2681.jpeg,0
agri_0_2685.jpeg,1
agri_0_2686.jpeg,0
agri_0_2692.jpeg,0
agri_0_270.jpeg,1
agri_0_2714.jpeg,0
agri_0_272.jpeg,0
agri_0_2722.jpeg,1
agri_0_2727.jpeg,1
agri_0_2735.jpeg,0
agri_0_2751.jpeg,0
agri_0_2769.jpeg,1
agri_0_277.jpeg,0
agri_0_2772.jpeg,1
agri_0_2774.jpeg,1
agri_0_2786.jpeg,1
agri_0_2792.jpeg,1
agri_0_2807.jpeg,1
agri_0_2812.jpeg,1
agri_0_2825.jpeg,1
agri_0_2835.jpeg,1
agri_0_2854.jpeg,0
agri_0_2861.jpeg,1
agri_0_2863.jpeg,1
agri_0_2876.jpeg,1
agri_0_2894.jpeg,0
agri_0_2895.jpeg,1
agri_0_2901.jpeg,1
agri_0_2906.jpeg,0
agri_0_2915.jpeg,0
agri_0_2923.jpeg,0
agri_0_2927.jpeg,1
agri_0_2951.jpeg,1
agri_0_2964.jpeg,0
agri_0_299.jpeg,1
agri_0_2997.jpeg,0
agri_0_3.jpeg,0
agri_0_3008.jpeg,0
agri_0_301.jpeg,0
agri_0_3022.jpeg,0
agri_0_3023.jpeg,1
agri_0_3039.jpeg,0
agri_0_3045.jpeg,1
agri_0_3054.jpeg,1
agri_0_3057.jpeg,1
agri_0_3061.jpeg,1
agri_0_3077.jpeg,1
agri_0_3081.jpeg,1
agri_0_3088.jpeg,0
agri_0_3093.jpeg,0
agri_0_3129.jpeg,1
agri_0_3143.jpeg,1
agri_0_3152.jpeg,0
agri_0_3156.jpeg,1
agri_0_3160.jpeg,0
agri_0_318.jpeg,0
agri_0_3186.jpeg,1
agri_0_3198.jpeg,1
agri_0_3203.jpeg,1
agri_0_3213.jpeg,1
agri_0_3226.jpeg,0
agri_0_3229.jpeg,0
agri_0_3230.jpeg,0
agri_0_3231.jpeg,1
agri_0_3233.jpeg,0
agri_0_3234.jpeg,1
agri_0_3247.jpeg,0
agri_0_3259.jpeg,1
agri_0_326.jpeg,0
agri_0_3260.jpeg,1
agri_0_3276.jpeg,0
agri_0_3278.jpeg,1
agri_0_3282.jpeg,1
agri_0_3283.jpeg,0
agri_0_3284.jpeg,0
agri_0_3290.jpeg,0
agri_0_3328.jpeg,1
agri_0_3346.jpeg,1
agri_0_3378.jpeg,0
agri_0_3379.jpeg,1
agri_0_3388.jpeg,1
agri_0_3398.jpeg,1
agri_0_3403.jpeg,0
agri_0_3404.jpeg,1
agri_0_3412.jpeg,1
agri_0_3414.jpeg,0
agri_0_3439.jpeg,1
agri_0_3442.jpeg,1
agri_0_3468.jpeg,0
agri_0_3471.jpeg,0
agri_0_3473.jpeg,1
agri_0_3480.jpeg,0
agri_0_3492.jpeg,1
agri_0_3500.jpeg,0
agri_0_3514.jpeg,0
agri_0_352.jpeg,1
agri_0_3530.jpeg,1
agri_0_3534.jpeg,1
agri_0_3535.jpeg,1
agri_0_3555.jpeg,0
agri_0_3573.jpeg,1
agri_0_3592.jpeg,1
agri_0_3603.jpeg,1
agri_0_3604.jpeg,0
agri_0_3607.jpeg,1
agri_0_3613.jpeg,0
agri_0_3647.jpeg,1
agri_0_3648.jpeg,1
agri_0_3657.jpeg,0
agri_0_3666.jpeg,1
agri_0_3667.jpeg,1
agri_0_3679.jpeg,1
agri_0_3680.jpeg,1
agri_0_3682.jpeg,1
agri_0_3703.jpeg,1
agri_0_3720.jpeg,1
agri_0_3736.jpeg,0
agri_0_3741.jpeg,0
agri_0_3744.jpeg,1
agri_0_3746.jpeg,0
agri_0_3752.jpeg,1
agri_0_3756.jpeg,1
agri_0_377.jpeg,1
agri_0_3778.jpeg,0
agri_0_3797.jpeg,1
agri_0_3807.jpeg,1
agri_0_3820.jpeg,0
agri_0_3828.jpeg,1
agri_0_3842.jpeg,1
agri_0_3856.jpeg,1
agri_0_3858.jpeg,1
agri_0_3860.jpeg,1
agri_0_3862.jpeg,0
agri_0_3869.jpeg,0
agri_0_3880.jpeg,1
agri_0_39.jpeg,1
agri_0_3900.jpeg,1
agri_0_3913.jpeg,1
agri_0_3914.jpeg,0
agri_0_3925.jpeg,0
agri_0_3943.jpeg,0
agri_0_3949.jpeg,1
agri_0_395.jpeg,1
agri_0_3958.jpeg,0
agri_0_3964.jpeg,1
agri_0_3966.jpeg,0
agri_0_3983.jpeg,1
agri_0_3985.jpeg,0
agri_0_3990.jpeg,1
agri_0_3992.jpeg,1
agri_0_3993.jpeg,0
agri_0_3995.jpeg,0
agri_0_4002.jpeg,1
agri_0_4009.jpeg,1
agri_0_4010.jpeg,1
agri_0_4013.jpeg,1
agri_0_4014.jpeg,1
agri_0_4015.jpeg,1
agri_0_4016.jpeg,0
agri_0_4019.jpeg,1
agri_0_402.jpeg,0
agri_0_4028.jpeg,1
agri_0_4029.jpeg,1
agri_0_4033.jpeg,0
agri_0_4055.jpeg,1
agri_0_4058.jpeg,0
agri_0_4064.jpeg,1
agri_0_4068.jpeg,1
agri_0_4073.jpeg,1
agri_0_4085.jpeg,1
agri_0_4107.jpeg,1
agri_0_4112.jpeg,1
agri_0_4113.jpeg,0
agri_0_4116.jpeg,0
agri_0_4118.jpeg,1
agri_0_4122.jpeg,1
agri_0_4123.jpeg,1
agri_0_4167.jpeg,0
agri_0_417.jpeg,1
agri_0_4184.jpeg,1
agri_0_4209.jpeg,0
agri_0_4213.jpeg,1
agri_0_4214.jpeg,0
agri_0_4216.jpeg,0
agri_0_4218.jpeg,0
agri_0_4222.jpeg,1
agri_0_4235.jpeg,0
agri_0_4237.jpeg,0
agri_0_4265.jpeg,1
agri_0_4267.jpeg,1
agri_0_4273.jpeg,1
agri_0_4276.jpeg,0
agri_0_4300.jpeg,1
agri_0_4302.jpeg,1
agri_0_4312.jpeg,1
agri_0_4316.jpeg,1
agri_0_4333.jpeg,1
agri_0_4335.jpeg,1
agri_0_4348.jpeg,1
agri_0_4355.jpeg,1
agri_0_4356.jpeg,0
agri_0_4362.jpeg,1
agri_0_4365.jpeg,0
agri_0_437.jpeg,0
agri_0_4383.jpeg,1
agri_0_4388.jpeg,1
agri_0_4391.jpeg,1
agri_0_4393.jpeg,1
agri_0_4394.jpeg,1
agri_0_4416.jpeg,0
agri_0_4419.jpeg,1
agri_0_4436.jpeg,1
agri_0_4449.jpeg,0
agri_0_4455.jpeg,1
agri_0_4463.jpeg,0
agri_0_4479.jpeg,0
agri_0_4484.jpeg,0
agri_0_4499.jpeg,0
agri_0_4502.jpeg,1
agri_0_4508.jpeg,0
agri_0_4516.jpeg,0
agri_0_4519.jpeg,0
agri_0_4530.jpeg,0
agri_0_4535.jpeg,1
agri_0_4553.jpeg,0
agri_0_4557.jpeg,1
agri_0_456.jpeg,0
agri_0_4560.jpeg,1
agri_0_4561.jpeg,0
agri_0_4571.jpeg,1
agri_0_4575.jpeg,1
agri_0_4586.jpeg,0
agri_0_4617.jpeg,1
agri_0_4618.jpeg,0
agri_0_4620.jpeg,1
agri_0_4635.jpeg,1
agri_0_4645.jpeg,0
agri_0_4659.jpeg,1
agri_0_4665.jpeg,1
agri_0_4670.jpeg,1
agri_0_4675.jpeg,0
agri_0_4684.jpeg,1
agri_0_4685.jpeg,1
agri_0_4687.jpeg,0
agri_0_4690.jpeg,1
agri_0_4702.jpeg,0
agri_0_4718.jpeg,1
agri_0_4751.jpeg,0
agri_0_4771.jpeg,0
agri_0_4785.jpeg,1
agri_0_4789.jpeg,1
agri_0_4793.jpeg,0
agri_0_4806.jpeg,0
agri_0_4811.jpeg,1
agri_0_484.jpeg,0
agri_0_4845.jpeg,1
agri_0_4846.jpeg,1
agri_0_4862.jpeg,1
agri_0_487.jpeg,1
agri_0_4892.jpeg,0
agri_0_4903.jpeg,1
agri_0_4909.jpeg,0
agri_0_491.jpeg,0
agri_0_4910.jpeg,0
agri_0_4913.jpeg,1
agri_0_4916.jpeg,1
agri_0_4936.jpeg,1
agri_0_4937.jpeg,1
agri_0_4944.jpeg,1
agri_0_4945.jpeg,1
agri_0_4947.jpeg,1
agri_0_4948.jpeg,0
agri_0_495.jpeg,1
agri_0_4964.jpeg,1
agri_0_4984.jpeg,1
agri_0_4985.jpeg,1
agri_0_4994.jpeg,0
agri_0_5006.jpeg,1
agri_0_5017.jpeg,0
agri_0_5019.jpeg,0
agri_0_5042.jpeg,1
agri_0_5053.jpeg,1
agri_0_5066.jpeg,0
agri_0_5077.jpeg,1
agri_0_5087.jpeg,1
agri_0_5088.jpeg,0
agri_0_5090.jpeg,0
agri_0_5100.jpeg,0
agri_0_5118.jpeg,0
agri_0_5128.jpeg,0
agri_0_5134.jpeg,0
agri_0_5136.jpeg,0
agri_0_5160.jpeg,1
agri_0_5169.jpeg,1
agri_0_5178.jpeg,0
agri_0_5184.jpeg,1
agri_0_5208.jpeg,0
agri_0_5210.jpeg,1
agri_0_5220.jpeg,1
agri_0_5225.jpeg,1
agri_0_5243.jpeg,1
agri_0_5246.jpeg,1
agri_0_5248.jpeg,1
agri_0_5260.jpeg,0
agri_0_5270.jpeg,0
agri_0_5282.jpeg,1
agri_0_5318.jpeg,1
agri_0_5336.jpeg,0
agri_0_5350.jpeg,0
agri_0_5352.jpeg,0
agri_0_5361.jpeg,0
agri_0_5362.jpeg,1
agri_0_5366.jpeg,1
agri_0_5370.jpeg,0
agri_0_5384.jpeg,1
agri_0_5401.jpeg,1
agri_0_5426.jpeg,0
agri_0_543.jpeg,1
agri_0_544.jpeg,0
agri_0_5461.jpeg,0
agri_0_5474.jpeg,1
agri_0_5487.jpeg,0
agri_0_5494.jpeg,0
agri_0_550.jpeg,1
agri_0_5508.jpeg,1
agri_0_551.jpeg,0
agri_0_5512.jpeg,0
agri_0_5521.jpeg,0
agri_0_5542.jpeg,1
agri_0_5568.jpeg,1
agri_0_5578.jpeg,1
agri_0_5587.jpeg,1
agri_0_5591.jpeg,1
agri_0_5593.jpeg,1
agri_0_5597.jpeg,1
agri_0_5605.jpeg,1
agri_0_561.jpeg,1
agri_0_5616.jpeg,1
agri_0_5622.jpeg,1
agri_0_5632.jpeg,1
agri_0_5634.jpeg,0
agri_0_5641.jpeg,0
agri_0_5644.jpeg,0
agri_0_566.jpeg,1
agri_0_5661.jpeg,1
agri_0_567.jpeg,1
agri_0_5676.jpeg,0
agri_0_5686.jpeg,1
agri_0_5688.jpeg,1
agri_0_5693.jpeg,1
agri_0_57.jpeg,0
agri_0_5706.jpeg,1
agri_0_5711.jpeg,1
agri_0_5716.jpeg,1
agri_0_5718.jpeg,1
agri_0_5733.jpeg,0
agri_0_5736.jpeg,1
agri_0_5773.jpeg,1
agri_0_5780.jpeg,1
agri_0_5784.jpeg,0
agri_0_5786.jpeg,1
agri_0_5802.jpeg,0
agri_0_5808.jpeg,0
agri_0_5818.jpeg,0
agri_0_5819.jpeg,1
agri_0_5821.jpeg,0
agri_0_5822.jpeg,0
agri_0_5823.jpeg,0
agri_0_583.jpeg,0
agri_0_5834.jpeg,0
agri_0_5856.jpeg,0
agri_0_5858.jpeg,0
agri_0_5873.jpeg,1
agri_0_5880.jpeg,0
agri_0_5896.jpeg,1
agri_0_5932.jpeg,0
agri_0_5935.jpeg,1
agri_0_5938.jpeg,0
agri_0_5939.jpeg,0
agri_0_5947.jpeg,0
agri_0_5949.jpeg,1
agri_0_5953.jpeg,1
agri_0_596.jpeg,0
agri_0_5961.jpeg,0
agri_0_5967.jpeg,1
agri_0_5981.jpeg,1
agri_0_5992.jpeg,1
agri_0_5994.jpeg,0
agri_0_6.jpeg,1
agri_0_60.jpeg,0
agri_0_600.jpeg,1
agri_0_601.jpeg,0
agri_0_6010.jpeg,1
agri_0_6011.jpeg,0
agri_0_6013.jpeg,1
agri_0_603.jpeg,0
agri_0_6031.jpeg,0
agri_0_6039.jpeg,0
agri_0_6040.jpeg,0
agri_0_6042.jpeg,0
agri_0_6055.jpeg,0
agri_0_607.jpeg,1
agri_0_6092.jpeg,1
agri_0_6097.jpeg,0
agri_0_6100.jpeg,0
agri_0_6110.jpeg,1
agri_0_6119.jpeg,1
agri_0_6120.jpeg,0
agri_0_6126.jpeg,0
agri_0_6152.jpeg,0
agri_0_6158.jpeg,1
agri_0_6160.jpeg,1
agri_0_6166.jpeg,1
agri_0_618.jpeg,0
agri_0_6182.jpeg,1
agri_0_6189.jpeg,1
agri_0_6196.jpeg,1
agri_0_6216.jpeg,1
agri_0_6222.jpeg,1
agri_0_6225.jpeg,1
agri_0_6258.jpeg,1
agri_0_626.jpeg,1
agri_0_6268.jpeg,1
agri_0_6270.jpeg,0
agri_0_6276.jpeg,0
agri_0_6279.jpeg,1
agri_0_6286.jpeg,1
agri_0_6287.jpeg,1
agri_0_629.jpeg,1
agri_0_6292.jpeg,1
agri_0_630.jpeg,1
agri_0_6308.jpeg,1
agri_0_631.jpeg,0
agri_0_6312.jpeg,0
agri_0_6339.jpeg,0
agri_0_6342.jpeg,0
agri_0_6353.jpeg,0
agri_0_6354.jpeg,1
agri_0_6387.jpeg,1
agri_0_6395.jpeg,0
agri_0_641.jpeg,0
agri_0_6411.jpeg,1
agri_0_6412.jpeg,0
agri_0_6417.jpeg,0
agri_0_6419.jpeg,0
agri_0_6440.jpeg,0
agri_0_6447.jpeg,0
agri_0_6449.jpeg,0
agri_0_6468.jpeg,1
agri_0_6474.jpeg,1
agri_0_6481.jpeg,1
agri_0_6498.jpeg,1
agri_0_6504.jpeg,0
agri_0_6518.jpeg,0
agri_0_6520.jpeg,0
agri_0_6523.jpeg,1
agri_0_6537.jpeg,0
agri_0_654.jpeg,0
agri_0_6540.jpeg,1
agri_0_6547.jpeg,0
agri_0_6565.jpeg,0
agri_0_6572.jpeg,1
agri_0_6574.jpeg,0
agri_0_6610.jpeg,1
agri_0_6642.jpeg,0
agri_0_6643.jpeg,1
agri_0_665.jpeg,0
agri_0_6653.jpeg,1
agri_0_6668.jpeg,0
agri_0_667.jpeg,1
agri_0_6675.jpeg,1
agri_0_6679.jpeg,1
agri_0_6697.jpeg,0
agri_0_6701.jpeg,1
agri_0_6703.jpeg,1
agri_0_6707.jpeg,0
agri_0_6713.jpeg,1
agri_0_6717.jpeg,0
agri_0_6724.jpeg,1
agri_0_6735.jpeg,1
agri_0_6750.jpeg,1
agri_0_6765.jpeg,1
agri_0_6776.jpeg,0
agri_0_6783.jpeg,1
agri_0_6801.jpeg,0
agri_0_6803.jpeg,1
agri_0_6820.jpeg,1
agri_0_6823.jpeg,1
agri_0_6827.jpeg,1
agri_0_6831.jpeg,0
agri_0_6851.jpeg,1
agri_0_6852.jpeg,0
agri_0_6857.jpeg,0
agri_0_6858.jpeg,0
agri_0_6863.jpeg,1
agri_0_6870.jpeg,0
agri_0_6879.jpeg,0
agri_0_6880.jpeg,0
agri_0_6899.jpeg,1
agri_0_6904.jpeg,0
agri_0_6907.jpeg,0
agri_0_6978.jpeg,0
agri_0_6993.jpeg,1
agri_0_7031.jpeg,1
agri_0_7034.jpeg,0
agri_0_7037.jpeg,1
agri_0_7070.jpeg,1
agri_0_7072.jpeg,0
agri_0_7079.jpeg,1
agri_0_7091.jpeg,0
agri_0_7092.jpeg,1
agri_0_7104.jpeg,1
agri_0_7105.jpeg,1
agri_0_7123.jpeg,0
agri_0_7135.jpeg,1
agri_0_714.jpeg,1
agri_0_7141.jpeg,0
agri_0_7144.jpeg,1
agri_0_7153.jpeg,0
agri_0_7156.jpeg,1
agri_0_7158.jpeg,0
agri_0_7162.jpeg,1
agri_0_7177.jpeg,0
agri_0_718.jpeg,0
agri_0_7201.jpeg,1
agri_0_7204.jpeg,0
agri_0_7208.jpeg,1
agri_0_7209.jpeg,1
agri_0_7219.jpeg,1
agri_0_7222.jpeg,0
agri_0_7232.jpeg,1
agri_0_7241.jpeg,1
agri_0_7245.jpeg,1
agri_0_725.jpeg,0
agri_0_7279.jpeg,0
agri_0_7283.jpeg,1
agri_0_7284.jpeg,0
agri_0_7285.jpeg,1
agri_0_7288.jpeg,0
agri_0_7322.jpeg,0
agri_0_7323.jpeg,1
agri_0_7325.jpeg,0
agri_0_7340.jpeg,1
agri_0_7344.jpeg,1
agri_0_7357.jpeg,0
agri_0_7370.jpeg,0
agri_0_7382.jpeg,1
agri_0_7388.jpeg,0
agri_0_7391.jpeg,0
agri_0_7405.jpeg,1
agri_0_741.jpeg,1
agri_0_744.jpeg,0
agri_0_7443.jpeg,1
agri_0_7459.jpeg,1
agri_0_7464.jpeg,1
agri_0_7466.jpeg,1
agri_0_7468.jpeg,1
agri_0_7489.jpeg,0
agri_0_7491.jpeg,0
agri_0_7495.jpeg,0
agri_0_7497.jpeg,1
agri_0_7499.jpeg,0
agri_0_7514.jpeg,0
agri_0_7517.jpeg,0
agri_0_752.jpeg,1
agri_0_7534.jpeg,1
agri_0_7544.jpeg,1
agri_0_7546.jpeg,1
agri_0_7550.jpeg,1
agri_0_757.jpeg,1
agri_0_7573.jpeg,0
agri_0_7574.jpeg,1
agri_0_7579.jpeg,0
agri_0_7585.jpeg,1
agri_0_7586.jpeg,1
agri_0_7588.jpeg,0
agri_0_76.jpeg,1
agri_0_7601.jpeg,1
agri_0_7603.jpeg,0
agri_0_7623.jpeg,0
agri_0_7625.jpeg,1
agri_0_7629.jpeg,0
agri_0_7636.jpeg,0
agri_0_7637.jpeg,1
agri_0_7656.jpeg,1
agri_0_7658.jpeg,1
agri_0_7669.jpeg,1
agri_0_7675.jpeg,1
agri_0_7681.jpeg,1
agri_0_7707.jpeg,0
agri_0_7716.jpeg,0
agri_0_773.jpeg,0
agri_0_7749.jpeg,1
agri_0_7756.jpeg,1
agri_0_7779.jpeg,1
agri_0_7788.jpeg,0
agri_0_7795.jpeg,0
agri_0_7796.jpeg,0
agri_0_780.jpeg,1
agri_0_7806.jpeg,1
agri_0_7813.jpeg,1
agri_0_7814.jpeg,1
agri_0_7824.jpeg,1
agri_0_7839.jpeg,1
agri_0_784.jpeg,1
agri_0_7842.jpeg,1
agri_0_7844.jpeg,1
agri_0_7865.jpeg,1
agri_0_7866.jpeg,1
agri_0_7868.jpeg,1
agri_0_7869.jpeg,1
agri_0_7877.jpeg,1
agri_0_7878.jpeg,0
agri_0_7888.jpeg,0
agri_0_789.jpeg,0
agri_0_7901.jpeg,0
agri_0_7925.jpeg,0
agri_0_7942.jpeg,1
agri_0_7943.jpeg,0
agri_0_7958.jpeg,1
agri_0_7959.jpeg,0
agri_0_7977.jpeg,1
agri_0_7985.jpeg,0
agri_0_7989.jpeg,1
agri_0_7997.jpeg,0
agri_0_8007.jpeg,0
agri_0_8008.jpeg,1
agri_0_8023.jpeg,1
agri_0_8029.jpeg,0
agri_0_8034.jpeg,0
agri_0_8058.jpeg,0
agri_0_8072.jpeg,1
agri_0_8073.jpeg,1
agri_0_808.jpeg,1
agri_0_8094.jpeg,0
agri_0_8095.jpeg,1
agri_0_81.jpeg,0
agri_0_8104.jpeg,0
agri_0_8105.jpeg,1
agri_0_8108.jpeg,1
agri_0_8121.jpeg,0
agri_0_8140.jpeg,1
agri_0_8141.jpeg,0
agri_0_8143.jpeg,1
agri_0_8146.jpeg,0
agri_0_815.jpeg,0
agri_0_8157.jpeg,0
agri_0_8161.jpeg,0
agri_0_8163.jpeg,1
agri_0_8165.jpeg,1
agri_0_8184.jpeg,0
agri_0_8195.jpeg,0
agri_0_82.jpeg,1
agri_0_8209.jpeg,0
agri_0_8225.jpeg,0
agri_0_823.jpeg,1
agri_0_8265.jpeg,0
agri_0_8269.jpeg,1
agri_0_8297.jpeg,1
agri_0_830.jpeg,0
agri_0_8305.jpeg,0
agri_0_8315.jpeg,0
agri_0_8322.jpeg,1
agri_0_8330.jpeg,1
agri_0_8338.jpeg,0
agri_0_8341.jpeg,0
agri_0_8357.jpeg,0
agri_0_8358.jpeg,0
agri_0_838.jpeg,0
agri_0_8388.jpeg,0
agri_0_839.jpeg,0
agri_0_8393.jpeg,0
agri_0_84.jpeg,1
agri_0_840.jpeg,1
agri_0_8405.jpeg,0
agri_0_8409.jpeg,1
agri_0_8413.jpeg,1
agri_0_8417.jpeg,1
agri_0_8421.jpeg,0
agri_0_8440.jpeg,0
agri_0_8445.jpeg,1
agri_0_8463.jpeg,0
agri_0_8478.jpeg,0
agri_0_8482.jpeg,0
agri_0_8489.jpeg,0
agri_0_8490.jpeg,1
agri_0_8493.jpeg,0
agri_0_8496.jpeg,1
agri_0_8546.jpeg,1
agri_0_8556.jpeg,0
agri_0_8565.jpeg,0
agri_0_8572.jpeg,0
agri_0_8583.jpeg,1
agri_0_8585.jpeg,1
agri_0_8595.jpeg,1
agri_0_8599.jpeg,0
agri_0_8609.jpeg,0
agri_0_8620.jpeg,1
agri_0_8634.jpeg,0
agri_0_8636.jpeg,1
agri_0_864.jpeg,0
agri_0_8642.jpeg,1
agri_0_8655.jpeg,1
agri_0_866.jpeg,0
agri_0_8671.jpeg,1
agri_0_8675.jpeg,0
agri_0_8682.jpeg,0
agri_0_8698.jpeg,1
agri_0_8702.jpeg,1
agri_0_8708.jpeg,1
agri_0_871.jpeg,1
agri_0_8733.jpeg,1
agri_0_8741.jpeg,0
agri_0_8747.jpeg,1
agri_0_8752.jpeg,0
agri_0_8783.jpeg,0
agri_0_8788.jpeg,0
agri_0_879.jpeg,0
agri_0_8794.jpeg,0
agri_0_8797.jpeg,1
agri_0_8800.jpeg,1
agri_0_8803.jpeg,0
agri_0_8815.jpeg,0
agri_0_882.jpeg,1
agri_0_8821.jpeg,1
agri_0_8830.jpeg,1
agri_0_8834.jpeg,1
agri_0_8838.jpeg,1
agri_0_8848.jpeg,1
agri_0_8857.jpeg,1
agri_0_8863.jpeg,0
agri_0_8866.jpeg,1
agri_0_8881.jpeg,0
agri_0_8893.jpeg,0
agri_0_8899.jpeg,1
agri_0_8904.jpeg,1
agri_0_8905.jpeg,1
agri_0_8914.jpeg,0
agri_0_8926.jpeg,1
agri_0_8935.jpeg,1
agri_0_8956.jpeg,0
